{
  "gadgets360": {
    "Source": "GADGETS360",
    "24K": 7526,
    "22K": 6893.816000000001
  },
  "ibja": { "Source": "IBJA RATES", "24K": 7526, "22K": 6893.816000000001 },
  "et": { "Source": "ECONOMIC TIMES", "24K": 7555, "22K": 6920.38 }
}
