{"mmtc":{"Source":"MMTC PAMP","24K":7218,"22K":6611.688},"gadgets360":{"Source":"GADGETS360","24K":7340,"22K":6723.4400000000005},"ibja":{"Source":"IBJA RATES","24K":7340,"22K":6723.4400000000005},"et":{"Source":"ECONOMIC TIMES","24K":7422,"22K":6798.552000000001}}