{
  "gadgets360": {
    "Source": "GADGETS360",
    "24K": 7564,
    "22K": 6928.624000000001
  },
  "ibja": { "Source": "IBJA RATES", "24K": 7564, "22K": 6928.624000000001 },
  "et": { "Source": "ECONOMIC TIMES", "24K": 7678, "22K": 7033.048000000001 }
}
