{
  "gadgets360": {
    "Source": "GADGETS360",
    "24K": 7476,
    "22K": 6848.0160000000005
  },
  "ibja": { "Source": "IBJA RATES", "24K": 7476, "22K": 6848.0160000000005 },
  "et": { "Source": "ECONOMIC TIMES", "24K": 7555, "22K": 6920.38 }
}
